Sample,claude-3-5-sonnet-20240620
0,1.2463767528533936
1,1.276332139968872
2,1.9095112085342407
3,0.7555228471755981
4,1.0124787092208862
5,0.7535449266433716
6,1.350492000579834
7,0.5330103039741516
8,1.0609053373336792
9,0.9190751314163208
10,0.9915887713432312
11,0.6102598309516907
12,2.3653483390808105
13,0.6494051814079285
14,1.105263113975525
15,1.3859516382217407
16,0.6873177886009216
17,1.1538974046707153
18,0.7929447889328003
19,0.5333333611488342
