Sample,gpt-4o
0,1.5420290231704712
1,0.33357879519462585
2,0.5229722261428833
3,0.4159351885318756
4,0.5283876061439514
5,0.9642640948295593
6,0.48641976714134216
7,1.2442196607589722
8,0.7579439282417297
9,0.5909394025802612
10,0.6038920283317566
11,0.4184744656085968
12,0.6075851321220398
13,0.5876132845878601
14,0.4402332305908203
15,0.44037309288978577
16,0.6196318864822388
17,0.4345678985118866
