Sample,claude-3-5-sonnet-20240620
0,0.4724637567996979
1,0.5805452466011047
2,0.7060766220092773
3,0.7695139646530151
4,0.6942711472511292
5,0.6569885015487671
6,0.6563209891319275
7,0.6135675311088562
8,0.7069959044456482
9,0.6163294911384583
10,0.9766355156898499
11,0.7521651983261108
12,0.6070307493209839
13,0.769069254398346
14,0.7856037020683289
15,0.8066465258598328
16,0.6778425574302673
17,0.7035309672355652
18,0.5544478297233582
19,0.5621399283409119
