Sample,claude-3-5-sonnet-20240620
0,0.41449275612831116
1,0.4307805597782135
2,0.40158820152282715
3,0.4395678639411926
4,0.4511733651161194
5,0.4179285168647766
6,0.4181070029735565
7,0.4602601230144501
8,0.4691588878631592
9,0.4350433051586151
10,0.5141242742538452
11,0.41777467727661133
12,0.39164087176322937
13,0.402567982673645
14,0.4001457691192627
15,0.4117255210876465
16,0.45168712735176086
17,0.4847736656665802
