Sample,gpt-4o
0,3.0304348468780518
1,0.6889035701751709
2,0.6597937941551208
3,0.6908678412437439
4,0.6880486011505127
5,0.7623012661933899
6,0.6444578766822815
7,3.2197530269622803
8,0.6791907548904419
9,0.836448609828949
10,0.7241838574409485
11,0.6854990720748901
12,0.7242827415466309
13,0.5921052694320679
14,0.7212991118431091
15,3.6450438499450684
16,0.694870114326477
17,0.7515337467193604
18,0.7004114985466003
