Sample,gpt-4o
0,3.030434847
1,0.68890357
2,0.659793794
3,0.690867841
4,0.688048601
5,0.762301266
6,0.644457877
7,3.219753027
8,0.679190755
9,0.83644861
10,0.724183857
11,0.685499072
12,0.724282742
13,0.592105269
14,0.721299112
15,3.64504385
16,0.694870114
17,0.751533747
18,0.700411499