,id,cer
0,2,0.769193
1,3,0.772727
2,4,0.757865
3,5,0.776099
4,6,0.766719
5,7,0.754739
6,9,0.749695
7,10,0.762300
8,11,0.746149
9,12,0.765349
10,13,0.776675
11,15,0.741389
12,17,0.759311
13,18,0.768711
14,19,0.758401
15,20,0.748627
