file,cer
17,0.778765981
16,0.933524355
14,0.743922204
15,0.862230006
11,1.087073007
10,0.814814815
12,0.873048907
13,0.794540943
8,0.75640406
9,0.896825397
4,0.581460674
5,0.711996337
7,0.877082137
6,0.6492891
2,0.753937008
3,0.420454545
1,0.78289839
20,0.917632703
18,0.779106029
19,0.767091541