Sample,claude-3-5-sonnet-20240620
0,0.6202898621559143
1,0.5405007600784302
2,0.5280771255493164
3,0.5982444286346436
4,0.5352005958557129
5,0.5263476967811584
6,0.49300411343574524
7,0.5903179049491882
8,0.7803738117218018
9,0.5936042666435242
10,0.6516007781028748
11,0.6850944757461548
12,0.5123838782310486
13,0.5906344652175903
14,0.5481049418449402
15,0.48767489194869995
16,0.6549080014228821
17,0.5835390686988831
