Sample,claude-3-5-sonnet-20240620
0,0.4210144877433777
1,0.4194187521934509
2,0.7592046856880188
3,0.4032898545265198
4,0.45982444286346436
5,0.6267978549003601
6,0.4306480884552002
7,0.4197530746459961
8,0.4566473960876465
9,0.46822428703308105
10,0.4676882028579712
11,0.5141242742538452
12,0.4940517842769623
13,0.40170279145240784
14,0.6178247928619385
15,0.3768221437931061
16,0.43371087312698364
17,0.7469325065612793
18,0.4757201671600342
