Sample,claude-3-5-sonnet-20240620
0,0.18693450638572343
1,0.24079517055792946
2,0.18472746583095775
3,0.20337325056469363
4,0.17955760554942665
5,0.061079009468110596
6,0.08746726448526562
7,0.19825785044838964
8,0.18008252812993378
9,0.04585038573217832
10,0.09735521113596864
11,0.11372896120918163
12,0.23185119517854458
13,0.08827682002133033
14,0.32832558418610813
15,0.20107540786096142
16,0.1404573844253527
17,0.11331926457401972
18,0.26621475220626933
