Sample,Pytesseract
0,0.0
1,0.0
2,0.0
3,0.0
4,0.0
5,0.0
6,0.0
7,0.0
8,0.0
9,0.0
10,0.0
11,0.0
12,0.02097623174663489
13,0.0
14,0.0
15,0.0
16,0.028111137499045098
17,0.0
18,0.0
19,0.0
