Sample,gpt-4o
0,0.028928061677074863
1,0.14506007820971317
2,0.09345802380397689
3,0.1735106723274352
4,0.13170733317916672
5,0.0
6,0.2786931464026447
7,0.15087918667774888
8,0.2999780311853851
9,0.2132906487065373
10,0.11686365758459386
11,0.156742008324684
12,0.1525943760283707
13,0.25883722638199513
14,0.13835401182415866
15,0.06145376430828029
16,0.15110173039863603
17,0.146682445315982
18,0.20722885643711833
19,0.25453938887429517
