Sample,KerasOCR
0,0.7753623127937317
1,0.7776141166687012
2,0.7833238840103149
3,0.7785280346870422
4,0.772899329662323
5,0.7831616997718811
6,0.7860082387924194
7,0.7897399067878723
8,0.7719626426696777
9,0.8027981519699097
10,0.7834274768829346
11,0.7858642339706421
12,0.7886996865272522
13,0.7787008881568909
14,0.7893586158752441
15,0.7781478762626648
16,0.7852760553359985
17,0.7818930149078369
