Sample,Pytesseract
0,0.8333333134651184
1,0.9374079704284668
2,0.8088485598564148
3,0.9500337839126587
4,1.0151400566101074
5,0.8479709029197693
6,0.972016453742981
7,0.8309248685836792
8,0.9355140328407288
9,0.8461025953292847
10,0.8631513118743896
11,0.9118264317512512
12,0.8467492461204529
13,0.8602719306945801
14,0.8644315004348755
15,0.864090621471405
16,0.921012282371521
17,0.9111111164093018
