Sample,trOCR
0,0.9681159257888794
1,0.9776951670646667
2,0.9319682717323303
3,0.9727540612220764
4,0.9733408689498901
5,0.946657657623291
6,0.9780469536781311
7,0.9697152972221375
8,0.9868312478065491
9,0.9609826803207397
10,0.9551401734352112
11,0.9893404245376587
12,0.9322034120559692
13,0.9657102823257446
14,0.9791021943092346
15,0.9773414134979248
16,0.9467930197715759
17,0.9753497838973999
18,0.9677914381027222
19,0.9530864357948303
