file,bleu
17,0.127208374
16,0.208434808
14,0.189636283
15,0.254282939
11,0.126640858
10,0.141518526
12,0.032933758
13,0.120273424
8,0.148738077
9,0.181914958
4,0.155478262
5,0.185421503
7,0.175683627
6,0.124931869
2,0.491875496
3,0.502208889
1,0.158869915
20,0.214828027
18,0.171194427
19,0.193840374