Sample,claude-3-5-sonnet-20240620
0,0.186934506
1,0.240795171
2,0.184727466
3,0.203373251
4,0.179557606
5,0.061079009
6,0.087467264
7,0.19825785
8,0.180082528
9,0.045850386
10,0.097355211
11,0.113728961
12,0.231851195
13,0.08827682
14,0.328325584
15,0.201075408
16,0.140457384
17,0.113319265
18,0.266214752