Sample,gpt-4o
0,0.132275227
1,0.101587157
2,0.0168734
3,0
4,0
5,0
6,0
7,0.015031024
8,0
9,0.301855754
10,0
11,0
12,0.084731648
13,0.014237266
14,0
15,0
16,0.188074342
17,0