,Human,GPT4o,GPT4o mini,GPT4,GPT4 turbo,GPT3.5 turbo,EasyOCR,Pytesseract,KerasOCR
Human,0.0,0.7716049382716049,0.790273556231003,0.7567567567567568,0.6788218793828892,0.7258297258297258,0.9719725013220518,0.9513822688274547,0.9914383561643836
GPT4o,0.7716049382716049,0.0,0.6839080459770115,0.615819209039548,0.6178489702517163,0.7266355140186916,0.9770700636942675,0.9357541899441341,0.9838056680161943
GPT4o mini,0.790273556231003,0.6839080459770115,0.0,0.7037037037037037,0.7148936170212766,0.7528604118993135,0.9796696315120712,0.9342657342657342,0.9796747967479674
GPT4,0.7567567567567568,0.615819209039548,0.7037037037037037,0.0,0.652542372881356,0.7827004219409283,0.9775280898876404,0.9399198931909212,0.9928825622775801
GPT4 turbo,0.6788218793828892,0.6178489702517163,0.7148936170212766,0.652542372881356,0.0,0.639763779527559,0.9724340175953079,0.9392523364485982,0.9872448979591837
GPT3.5 turbo,0.7258297258297258,0.7266355140186916,0.7528604118993135,0.7827004219409283,0.639763779527559,0.0,0.9782739891369946,0.9453416149068323,0.9940476190476191
EasyOCR,0.9719725013220518,0.9770700636942675,0.9796696315120712,0.9775280898876404,0.9724340175953079,0.9782739891369946,0.0,0.9579923622476814,0.9847605224963716
Pytesseract,0.9513822688274547,0.9357541899441341,0.9342657342657342,0.9399198931909212,0.9392523364485982,0.9453416149068323,0.9579923622476814,0.0,0.9722222222222222
KerasOCR,0.9914383561643836,0.9838056680161943,0.9796747967479674,0.9928825622775801,0.9872448979591837,0.9940476190476191,0.9847605224963716,0.9722222222222222,0.0
