,Human,GPT4o,GPT4o mini,GPT4,GPT4 turbo,GPT3.5 turbo,EasyOCR,Pytesseract,KerasOCR
Human,0.0,0.9246296296296297,0.930790273556231,0.9197297297297298,0.8940112201963535,0.9095238095238095,0.9907509254362771,0.98395614871306,0.9971746575342466
GPT4o,0.9246296296296297,0.0,0.8956896551724138,0.8732203389830508,0.8738901601830664,0.9097897196261682,0.9924331210191083,0.9787988826815642,0.9946558704453441
GPT4o mini,0.930790273556231,0.8956896551724138,0.0,0.9022222222222223,0.9059148936170213,0.9184439359267734,0.9932909783989835,0.9783076923076923,0.9932926829268293
GPT4,0.9197297297297298,0.8732203389830508,0.9022222222222223,0.0,0.8853389830508475,0.9282911392405063,0.9925842696629213,0.980173564753004,0.9976512455516015
GPT4 turbo,0.8940112201963535,0.8738901601830664,0.9059148936170213,0.8853389830508475,0.0,0.8811220472440945,0.9909032258064516,0.9799532710280374,0.9957908163265307
GPT3.5 turbo,0.9095238095238095,0.9097897196261682,0.9184439359267734,0.9282911392405063,0.8811220472440945,0.0,0.9928304164152082,0.9819627329192546,0.9980357142857142
EasyOCR,0.9907509254362771,0.9924331210191083,0.9932909783989835,0.9925842696629213,0.9909032258064516,0.9928304164152082,0.0,0.9861374795417348,0.9949709724238026
Pytesseract,0.98395614871306,0.9787988826815642,0.9783076923076923,0.980173564753004,0.9799532710280374,0.9819627329192546,0.9861374795417348,0.0,0.9908333333333333
KerasOCR,0.9971746575342466,0.9946558704453441,0.9932926829268293,0.9976512455516015,0.9957908163265307,0.9980357142857142,0.9949709724238026,0.9908333333333333,0.0
