,Human,LLM,LLM cc,EasyOCR,EasyOCR cc,Pytesseract,Pytesseract cc,KerasOCR,KerasOCR cc
Human,0.0,0.9638157894736842,0.9813427561837456,0.9893641114982579,0.990914979757085,0.9803783783783784,0.9857728706624606,0.9957908163265307,0.9974809160305343
LLM,0.9638157894736842,0.0,0.929448275862069,0.9935504885993486,0.9930838323353294,0.9879190751445087,0.9899723756906077,0.9933108108108109,0.993265306122449
LLM cc,0.9813427561837456,0.929448275862069,0.0,0.9941362290227048,0.9945852324521423,0.9902941176470588,0.9923443223443223,0.995875,0.995857740585774
EasyOCR,0.9893641114982579,0.9935504885993486,0.9941362290227048,0.0,0.9785231539424281,0.9837844827586207,0.9847356828193833,0.9939263803680981,0.9939189189189189
EasyOCR cc,0.990914979757085,0.9930838323353294,0.9945852324521423,0.9785231539424281,0.0,0.983766129032258,0.9853840830449827,0.9944938820912125,0.994860956618465
Pytesseract,0.9803783783783784,0.9879190751445087,0.9902941176470588,0.9837844827586207,0.983766129032258,0.0,0.9494594594594594,0.9888674698795181,0.9896626506024097
Pytesseract cc,0.9857728706624606,0.9899723756906077,0.9923443223443223,0.9847356828193833,0.9853840830449827,0.9494594594594594,0.0,0.9914975845410628,0.992572347266881
KerasOCR,0.9957908163265307,0.9933108108108109,0.995875,0.9939263803680981,0.9944938820912125,0.9888674698795181,0.9914975845410628,0.0,0.7417391304347826
KerasOCR cc,0.9974809160305343,0.993265306122449,0.995857740585774,0.9939189189189189,0.994860956618465,0.9896626506024097,0.992572347266881,0.7417391304347826,0.0
