,Human,LLM,LLM cc,EasyOCR,EasyOCR cc,Pytesseract,Pytesseract cc,KerasOCR,KerasOCR cc
Human,0.0,1.3338876962661743,1.192752480506897,1.1339969635009766,1.1192028522491455,1.1011568307876587,1.1107803583145142,0.9663902521133423,0.9638655185699463
LLM,1.0859850645065308,0.0,1.1245768070220947,1.0673662424087524,1.064996600151062,1.0677047967910767,1.039607286453247,0.9683544039726257,0.9652588367462158
LLM cc,1.191374659538269,1.4070309400558472,0.0,1.1601848602294922,1.1601848602294922,1.1717365980148315,1.1467077732086182,0.9830433130264282,0.9730308055877686
EasyOCR,1.252166509628296,1.4837646484375,1.285958170890808,0.0,1.1454237699508667,1.1671111583709717,1.1588221788406372,0.9698150157928467,0.9659090638160706
EasyOCR cc,1.2641702890396118,1.5009541511535645,1.3168705701828003,1.1837047338485718,0.0,1.1911450624465942,1.1702228784561157,0.9637096524238586,0.9606336951255798
Pytesseract,1.3446123600006104,1.609183669090271,1.434024453163147,1.2940210103988647,1.281537413597107,0.0,1.1931668519973755,0.9644396305084229,0.9560950398445129
Pytesseract cc,1.341206669807434,1.592016577720642,1.4113744497299194,1.2831835746765137,1.2672656774520874,1.1986799240112305,0.0,0.9586507081985474,0.9541188478469849
KerasOCR,5.41320276260376,6.733496189117432,5.386308193206787,4.870415687561035,4.674816608428955,4.376528263092041,4.30806827545166,0.0,0.8777506351470947
KerasOCR cc,5.372365474700928,6.637002468109131,5.323184967041016,4.777517795562744,4.686182498931885,4.33489465713501,4.285714149475098,0.8777506351470947,0.0
