,Human,GPT4o,GPT4,GPT4 turbo,GPT3.5 turbo,EasyOCR,Pytesseract,KerasOCR
Human,0.0,1.0518097877502441,1.0960334539413452,1.1178604364395142,1.1232142448425293,1.096477746963501,1.0665398836135864,0.9654218554496765
GPT4o,1.0327526330947876,0.0,1.062054991722107,1.0998218059539795,1.080500841140747,1.1043543815612793,1.0857409238815308,0.956824541091919
GPT4,1.1986300945281982,1.1917808055877686,0.0,1.1929223537445068,1.1579961776733398,1.1312785148620605,1.1187214851379395,0.9596899151802063
GPT4 turbo,1.078740119934082,1.0796149969100952,1.0534274578094482,0.0,0.9592834115028381,1.0384951829910278,1.065116286277771,0.9529569745063782
GPT3.5 turbo,1.0939130783081055,1.0504348278045654,1.0452173948287964,1.0243477821350098,0.0,1.0365217924118042,1.0452173948287964,0.9634782671928406
EasyOCR,1.2176871299743652,1.2508503198623657,1.2100121974945068,1.233887791633606,1.2238192558288574,0.0,1.1386363506317139,0.9666666388511658
Pytesseract,1.447741985321045,1.5032258033752441,1.366806149482727,1.477419376373291,1.437799096107483,1.292903184890747,0.0,0.953153133392334
KerasOCR,6.176990985870361,6.079646110534668,5.47787618637085,6.274336338043213,6.367815971374512,5.1327433586120605,4.681416034698486,0.0
