,Human,GPT4o,GPT4,GPT4 turbo,GPT3.5 turbo,EasyOCR,Pytesseract,KerasOCR
Human,0.0,0.7184239130434782,0.902290502793296,0.8626486486486487,0.8962857142857142,0.9858064516129033,0.9687368421052631,0.994438202247191
GPT4o,0.7184239130434782,0.0,0.8905978260869565,0.8472872340425532,0.8918032786885246,0.9862857142857143,0.9688888888888889,0.9948167539267015
GPT4,0.902290502793296,0.8905978260869565,0.0,0.8180373831775701,0.869375,0.9918947368421053,0.9771287128712871,1.0
GPT4 turbo,0.8626486486486487,0.8472872340425532,0.8180373831775701,0.0,0.8194339622641509,0.989423076923077,0.9643243243243244,1.0
GPT3.5 turbo,0.8962857142857142,0.8918032786885246,0.869375,0.8194339622641509,0.0,0.9894306049822064,0.9621875,1.0
EasyOCR,0.9858064516129033,0.9862857142857143,0.9918947368421053,0.989423076923077,0.9894306049822064,0.0,0.9822379603399434,0.9886695278969957
Pytesseract,0.9687368421052631,0.9688888888888889,0.9771287128712871,0.9643243243243244,0.9621875,0.9822379603399434,0.0,0.9809615384615384
KerasOCR,0.994438202247191,0.9948167539267015,1.0,1.0,1.0,0.9886695278969957,0.9809615384615384,0.0
