,Human,GPT4o,GPT4o mini,GPT4,GPT4 turbo,GPT3.5 turbo,EasyOCR,Pytesseract,KerasOCR
Human,0.0,1.1302289962768555,1.1678804159164429,1.1934112310409546,1.1559269428253174,1.1107139587402344,1.155160903930664,,0.9620742797851562
GPT4o,1.2753733396530151,0.0,1.2834136486053467,1.2807469367980957,1.2317744493484497,1.2007156610488892,1.2266261577606201,,0.9659121036529541
GPT4o mini,1.1558716297149658,1.1257928609848022,0.0,1.1943110227584839,1.1884490251541138,1.12771475315094,1.1399391889572144,,0.969938337802887
GPT4,1.1226937770843506,1.0957815647125244,1.1345627307891846,0.0,1.1507428884506226,1.0908231735229492,1.1023589372634888,,0.9597189426422119
GPT4 turbo,1.0841790437698364,1.0199427604675293,1.1300256252288818,1.142818808555603,0.0,1.092291235923767,1.11996591091156,,0.9688563346862793
GPT3.5 turbo,1.2134037017822266,1.1624103784561157,1.2453571557998657,1.2381633520126343,1.2744157314300537,0.0,1.2134087085723877,,0.9660459756851196
EasyOCR,1.2322449684143066,1.202216386795044,1.250238299369812,1.2807435989379883,1.2526215314865112,1.2012630701065063,0.0,,0.9626379609107971
Pytesseract,,,,,,,,,
KerasOCR,5.215384483337402,5.072727203369141,5.279720306396484,5.731468677520752,5.177622318267822,4.934265613555908,4.756643295288086,,0.0
