,Human,GPT4o,GPT4,GPT4 turbo,GPT3.5 turbo,EasyOCR,Pytesseract,KerasOCR
Human,0.0,1.046990156173706,1.1311078071594238,1.1505858898162842,1.1285346746444702,1.1532871723175049,1.150134563446045,0.9640734195709229
GPT4o,2.248253107070923,0.0,1.9748306274414062,1.9805777072906494,1.600812315940857,2.158586025238037,1.6186989545822144,0.9661280512809753
GPT4,1.2448512315750122,1.037376046180725,0.0,1.2240228652954102,1.1927512884140015,1.2243834733963013,1.1732938289642334,0.9645669460296631
GPT4 turbo,1.2199312448501587,1.0512820482254028,1.187946081161499,0.0,1.1565749645233154,1.2179486751556396,1.192757248878479,0.9637265205383301
GPT3.5 turbo,1.155029296875,1.116778016090393,1.1722323894500732,1.1481481790542603,0.0,1.1576603651046753,1.1600890159606934,0.9656428694725037
EasyOCR,1.2291468381881714,1.076978087425232,1.1859376430511475,1.2126595973968506,1.2121212482452393,0.0,1.1786257028579712,0.9626379609107971
Pytesseract,1.308571457862854,1.1730612516403198,1.2946938276290894,1.2704081535339355,1.2857784032821655,1.26714289188385,0.0,0.9593448638916016
KerasOCR,5.216783046722412,4.348251819610596,4.7972025871276855,5.165034770965576,5.188811302185059,4.756643295288086,4.587412357330322,0.0
