,Human,LLM,LLM cc,EasyOCR,EasyOCR cc,Pytesseract,Pytesseract cc,KerasOCR,KerasOCR cc
Human,0.0,0.8903508771929824,0.9434628975265018,0.9677700348432056,0.9724696356275304,0.9405405405405406,0.9568874868559412,0.9872448979591837,0.9923664122137404
LLM,0.8903508771929824,0.0,0.7862068965517242,0.9804560260586319,0.9790419161676647,0.9633911368015414,0.9696132596685083,0.9797297297297297,0.9795918367346939
LLM cc,0.9434628975265018,0.7862068965517242,0.0,0.9822309970384995,0.98359161349134,0.9705882352941176,0.9768009768009768,0.9875,0.9874476987447699
EasyOCR,0.9677700348432056,0.9804560260586319,0.9822309970384995,0.0,0.934918648310388,0.9508620689655173,0.9537444933920705,0.9815950920245399,0.9815724815724816
EasyOCR cc,0.9724696356275304,0.9790419161676647,0.98359161349134,0.934918648310388,0.0,0.9508064516129032,0.9557093425605536,0.9833147942157954,0.9844271412680756
Pytesseract,0.9405405405405406,0.9633911368015414,0.9705882352941176,0.9508620689655173,0.9508064516129032,0.0,0.8468468468468469,0.9662650602409638,0.9686746987951808
Pytesseract cc,0.9568874868559412,0.9696132596685083,0.9768009768009768,0.9537444933920705,0.9557093425605536,0.8468468468468469,0.0,0.9742351046698873,0.977491961414791
KerasOCR,0.9872448979591837,0.9797297297297297,0.9875,0.9815950920245399,0.9833147942157954,0.9662650602409638,0.9742351046698873,0.0,0.21739130434782608
KerasOCR cc,0.9923664122137404,0.9795918367346939,0.9874476987447699,0.9815724815724816,0.9844271412680756,0.9686746987951808,0.977491961414791,0.21739130434782608,0.0
