,Human,GPT4o,GPT4o mini,GPT4,GPT4 turbo,GPT3.5 turbo,EasyOCR,Pytesseract,KerasOCR
Human,0.0,0.7517433751743375,0.5120845921450151,0.6644674835061263,0.5826666666666667,0.4650145772594752,0.9725013220518244,1.0,0.9914236706689536
GPT4o,0.7517433751743375,0.0,0.7386172006745363,0.82,0.6930379746835443,0.6985645933014354,0.9722891566265061,1.0,0.9826086956521739
GPT4o mini,0.5120845921450151,0.7386172006745363,0.0,0.7973484848484849,0.6627737226277373,0.6125574272588055,0.9725400457665904,1.0,0.9885321100917431
GPT4,0.6644674835061263,0.82,0.7973484848484849,0.0,0.6925315227934045,0.7576601671309192,0.9737448180561953,1.0,0.9919168591224018
GPT4 turbo,0.5826666666666667,0.6930379746835443,0.6627737226277373,0.6925315227934045,0.0,0.6101694915254238,0.9720241360394953,1.0,0.9902723735408561
GPT3.5 turbo,0.4650145772594752,0.6985645933014354,0.6125574272588055,0.7576601671309192,0.6101694915254238,0.0,0.9713024282560706,1.0,0.9900793650793651
EasyOCR,0.9725013220518244,0.9722891566265061,0.9725400457665904,0.9737448180561953,0.9720241360394953,0.9713024282560706,0.0,1.0,0.9847605224963716
Pytesseract,1.0,1.0,1.0,1.0,1.0,1.0,1.0,0.0,1.0
KerasOCR,0.9914236706689536,0.9826086956521739,0.9885321100917431,0.9919168591224018,0.9902723735408561,0.9900793650793651,0.9847605224963716,1.0,0.0
