,Human,GPT4o,GPT4,GPT4 turbo,GPT3.5 turbo,EasyOCR,Pytesseract,KerasOCR
Human,0.0,0.9150150602409639,0.9296642335766423,0.8941329479768786,0.8913924050632911,0.9907509254362771,0.98395614871306,0.9971746575342466
GPT4o,0.9150150602409639,0.0,0.8326628895184136,0.8623732718894009,0.8686821705426356,0.9917757009345795,0.9798940397350994,0.9953846153846154
GPT4,0.9296642335766423,0.8326628895184136,0.0,0.8533333333333333,0.8709067357512953,0.9925981308411215,0.9797869507323569,0.9965017667844523
GPT4 turbo,0.8941329479768786,0.8623732718894009,0.8533333333333333,0.0,0.8040359897172237,0.9913571428571428,0.9813805522208884,0.9963835616438356
GPT3.5 turbo,0.8913924050632911,0.8686821705426356,0.8709067357512953,0.8040359897172237,0.0,0.9922208436724566,0.9809448818897638,0.9977474402730375
EasyOCR,0.9907509254362771,0.9917757009345795,0.9925981308411215,0.9913571428571428,0.9922208436724566,0.0,0.9861374795417348,0.9949709724238026
Pytesseract,0.98395614871306,0.9798940397350994,0.9797869507323569,0.9813805522208884,0.9809448818897638,0.9861374795417348,0.0,0.9908333333333333
KerasOCR,0.9971746575342466,0.9953846153846154,0.9965017667844523,0.9963835616438356,0.9977474402730375,0.9949709724238026,0.9908333333333333,0.0
