,Human,GPT4o,GPT4,GPT4 turbo,GPT3.5 turbo,EasyOCR,Pytesseract,KerasOCR
Human,0.0,0.14673913043478262,0.7039106145251397,0.5837837837837838,0.6857142857142857,0.956989247311828,0.9052631578947369,0.9831460674157303
GPT4o,0.14673913043478262,0.0,0.6684782608695652,0.5372340425531915,0.6721311475409836,0.9584415584415584,0.9057239057239057,0.9842931937172775
GPT4,0.7039106145251397,0.6684782608695652,0.0,0.4485981308411215,0.6041666666666666,0.9754385964912281,0.9306930693069307,1.0
GPT4 turbo,0.5837837837837838,0.5372340425531915,0.4485981308411215,0.0,0.4528301886792453,0.967948717948718,0.8918918918918919,1.0
GPT3.5 turbo,0.6857142857142857,0.6721311475409836,0.6041666666666666,0.4528301886792453,0.0,0.9679715302491103,0.8854166666666666,1.0
EasyOCR,0.956989247311828,0.9584415584415584,0.9754385964912281,0.967948717948718,0.9679715302491103,0.0,0.9461756373937678,0.9656652360515021
Pytesseract,0.9052631578947369,0.9057239057239057,0.9306930693069307,0.8918918918918919,0.8854166666666666,0.9461756373937678,0.0,0.9423076923076923
KerasOCR,0.9831460674157303,0.9842931937172775,1.0,1.0,1.0,0.9656652360515021,0.9423076923076923,0.0
