,Human,GPT4o,GPT4,GPT4 turbo,GPT3.5 turbo,EasyOCR,Pytesseract,KerasOCR
Human,0.0,0.7424698795180723,0.7868613138686131,0.6791907514450867,0.6708860759493671,0.9719725013220518,0.9513822688274547,0.9914383561643836
GPT4o,0.7424698795180723,0.0,0.49291784702549574,0.5829493087557603,0.6020671834625323,0.9750778816199377,0.9390728476821192,0.986013986013986
GPT4,0.7868613138686131,0.49291784702549574,0.0,0.5555555555555556,0.6088082901554405,0.9775700934579439,0.9387483355525965,0.9893992932862191
GPT4 turbo,0.6791907514450867,0.5829493087557603,0.5555555555555556,0.0,0.40616966580976865,0.9738095238095238,0.943577430972389,0.989041095890411
GPT3.5 turbo,0.6708860759493671,0.6020671834625323,0.6088082901554405,0.40616966580976865,0.0,0.9764267990074442,0.9422572178477691,0.9931740614334471
EasyOCR,0.9719725013220518,0.9750778816199377,0.9775700934579439,0.9738095238095238,0.9764267990074442,0.0,0.9579923622476814,0.9847605224963716
Pytesseract,0.9513822688274547,0.9390728476821192,0.9387483355525965,0.943577430972389,0.9422572178477691,0.9579923622476814,0.0,0.9722222222222222
KerasOCR,0.9914383561643836,0.986013986013986,0.9893992932862191,0.989041095890411,0.9931740614334471,0.9847605224963716,0.9722222222222222,0.0
