,Human,GPT4o,GPT4o mini,GPT4,GPT4 turbo,GPT3.5 turbo,EasyOCR,Pytesseract,KerasOCR
Human,0.0,1.1211187839508057,1.0901521444320679,1.0915876626968384,1.1187999248504639,1.2917307615280151,1.1532871723175049,1.150134563446045,0.9640734195709229
GPT4o,1.3668545484542847,0.0,1.2233781814575195,1.2193324565887451,1.2371044158935547,1.6627146005630493,1.360496997833252,1.3351980447769165,0.9624573588371277
GPT4o mini,1.6870557069778442,1.3273240327835083,0.0,1.5099719762802124,1.394195318222046,1.4111570119857788,1.5121989250183105,1.2572003602981567,0.9610429406166077
GPT4,1.3187651634216309,1.143960952758789,1.1736135482788086,0.0,1.1919410228729248,1.4998196363449097,1.2674598693847656,1.22109854221344,0.9632629156112671
GPT4 turbo,1.2382452487945557,1.1115150451660156,1.1002181768417358,1.1363306045532227,0.0,1.5500373840332031,1.2347215414047241,1.2041244506835938,0.9612540602684021
GPT3.5 turbo,1.077435851097107,1.0428204536437988,1.0507692098617554,1.0664103031158447,1.0643589496612549,0.0,1.0607692003250122,1.0805127620697021,0.9638461470603943
EasyOCR,1.2291468381881714,1.1893393993377686,1.1669447422027588,1.1677788496017456,1.1941134929656982,1.3757898807525635,0.0,1.1786257028579712,0.9626379609107971
Pytesseract,1.308571457862854,1.2177550792694092,1.273877501487732,1.2567347288131714,1.2869387865066528,1.4734265804290771,1.26714289188385,0.0,0.9593448638916016
KerasOCR,5.216783046722412,4.338461399078369,4.3818182945251465,4.657342433929443,4.545454502105713,6.264999866485596,4.756643295288086,4.587412357330322,0.0
