,Human,GPT4o,GPT4o mini,GPT4,GPT4 turbo,GPT3.5 turbo,EasyOCR,Pytesseract,KerasOCR
Human,0.0,0.9180753138075314,0.838987915407855,0.8892742695570217,0.8622799999999999,0.8234548104956269,0.9909254362771021,1.0,0.9971698113207547
GPT4o,0.9180753138075314,0.0,0.913743676222597,0.9406,0.8987025316455696,0.9005263157894736,0.990855421686747,1.0,0.9942608695652174
GPT4o mini,0.838987915407855,0.913743676222597,0.0,0.933125,0.8887153284671533,0.8721439509954059,0.9909382151029749,1.0,0.9962155963302752
GPT4,0.8892742695570217,0.9406,0.933125,0.0,0.8985354025218235,0.9200278551532033,0.9913357899585444,1.0,0.9973325635103926
GPT4 turbo,0.8622799999999999,0.8987025316455696,0.8887153284671533,0.8985354025218235,0.0,0.8713559322033898,0.9907679648930334,1.0,0.9967898832684825
GPT3.5 turbo,0.8234548104956269,0.9005263157894736,0.8721439509954059,0.9200278551532033,0.8713559322033898,0.0,0.9905298013245033,1.0,0.9967261904761905
EasyOCR,0.9909254362771021,0.990855421686747,0.9909382151029749,0.9913357899585444,0.9907679648930334,0.9905298013245033,0.0,1.0,0.9949709724238026
Pytesseract,1.0,1.0,1.0,1.0,1.0,1.0,1.0,0.0,1.0
KerasOCR,0.9971698113207547,0.9942608695652174,0.9962155963302752,0.9973325635103926,0.9967898832684825,0.9967261904761905,0.9949709724238026,1.0,0.0
