,Human,LLM,LLM cc,EasyOCR,EasyOCR cc,Pytesseract,Pytesseract cc,KerasOCR,KerasOCR cc
Human,0.0,0.960625,0.9758115183246073,0.9857297297297297,0.9886507936507937,0.9686267605633803,0.9814322250639386,0.994406779661017,1.0
LLM,0.960625,0.0,0.925483870967742,0.9947826086956522,0.993579766536965,0.9808139534883721,0.9904347826086957,1.0,1.0
LLM cc,0.9758115183246073,0.925483870967742,0.0,0.9936538461538461,0.9925,0.9873770491803279,0.9907042253521127,1.0,1.0
EasyOCR,0.9857297297297297,0.9947826086956522,0.9936538461538461,0.0,0.9764845605700713,0.9821875,0.9869450549450549,0.9886206896551724,0.9914655172413793
EasyOCR cc,0.9886507936507937,0.993579766536965,0.9925,0.9764845605700713,0.0,0.9834078212290502,0.9863398692810458,0.9888607594936709,0.9916455696202532
Pytesseract,0.9686267605633803,0.9808139534883721,0.9873770491803279,0.9821875,0.9834078212290502,0.0,0.956875,0.9809615384615384,0.9851923076923077
Pytesseract cc,0.9814322250639386,0.9904347826086957,0.9907042253521127,0.9869450549450549,0.9863398692810458,0.956875,0.0,0.9884883720930232,0.9923552123552124
KerasOCR,0.994406779661017,1.0,1.0,0.9886206896551724,0.9888607594936709,0.9809615384615384,0.9884883720930232,0.0,0.7433333333333333
KerasOCR cc,1.0,1.0,1.0,0.9914655172413793,0.9916455696202532,0.9851923076923077,0.9923552123552124,0.7433333333333333,0.0
