,Human,LLM,LLM cc,EasyOCR,EasyOCR cc,Pytesseract,Pytesseract cc,KerasOCR,KerasOCR cc
Human,0.0,1.0804768800735474,1.0462075471878052,1.123367190361023,1.1216859817504883,1.0353773832321167,1.085629940032959,0.9714285731315613,0.9687034487724304
LLM,1.4023211002349854,0.0,1.085106372833252,1.206963300704956,1.191489338874817,1.268858790397644,1.2321083545684814,0.9705304503440857,0.9690521955490112
LLM cc,1.3777267932891846,1.2142857313156128,0.0,1.269804835319519,1.267508625984192,1.2820513248443604,1.298701286315918,0.9693654179573059,0.9675324559211731
EasyOCR,1.2246835231781006,1.138686180114746,1.1115578413009644,0.0,1.157436728477478,1.1873239278793335,1.1233333349227905,0.9668508172035217,0.9671533107757568
EasyOCR cc,1.251896858215332,1.1846153736114502,1.136972188949585,1.2001640796661377,0.0,1.1858789920806885,1.206658959388733,0.9651837348937988,0.9557692408561707
Pytesseract,1.294985294342041,1.1610620021820068,1.1799410581588745,1.2433627843856812,1.2138643264770508,0.0,1.2094395160675049,0.9609929323196411,0.9575220942497253
Pytesseract cc,1.320958137512207,1.241715431213379,1.197604775428772,1.2107784748077393,1.2586826086044312,1.1884057521820068,0.0,0.9569471478462219,0.9532163739204407
KerasOCR,6.271844863891602,4.796116352081299,4.300971031188965,5.097087383270264,4.84466028213501,5.262135982513428,4.747572898864746,0.0,0.8543689250946045
KerasOCR cc,6.25,4.817307472229004,4.29807710647583,5.096153736114502,4.778846263885498,5.20192289352417,4.70192289352417,0.8543689250946045,0.0
