,Human,LLM,LLM cc,EasyOCR,EasyOCR cc,Pytesseract,Pytesseract cc,KerasOCR,KerasOCR cc
Human,0.0,1.0643993616104126,1.1269614696502686,1.1931034326553345,1.1624826192855835,1.1003541946411133,1.095516562461853,0.9735537171363831,0.9726858735084534
LLM,1.391674518585205,0.0,1.1959706544876099,1.3458497524261475,1.312204360961914,1.2933130264282227,1.2978723049163818,0.9756097793579102,0.9808061122894287
LLM cc,1.230529546737671,1.0171339511871338,0.0,1.1760125160217285,1.1105918884277344,1.154205560684204,1.1417444944381714,0.9711191058158875,0.971947193145752
EasyOCR,1.2097902297973633,1.0582751035690308,1.1422088146209717,0.0,1.114996075630188,1.1144578456878662,1.1415289640426636,0.9641638398170471,0.9731437563896179
EasyOCR cc,1.2440298795700073,1.0587786436080933,1.1228346824645996,1.1619433164596558,0.0,1.1653846502304077,1.1483803987503052,0.9660714268684387,0.9534883499145508
Pytesseract,1.2645862102508545,1.1546810865402222,1.1560062170028687,1.255088210105896,1.233378529548645,0.0,1.206241488456726,0.961403489112854,0.9678972959518433
Pytesseract cc,1.2558659315109253,1.1586592197418213,1.2155886888504028,1.234636902809143,1.2279329299926758,1.1774834394454956,0.0,0.9641509652137756,0.9616056084632874
KerasOCR,5.121738910675049,4.17391300201416,4.678260803222656,4.91304349899292,4.704347610473633,4.765217304229736,4.443478107452393,0.0,0.947826087474823
KerasOCR cc,5.127999782562256,4.0879998207092285,4.711999893188477,4.927999973297119,4.5920000076293945,4.823999881744385,4.4079999923706055,0.947826087474823,0.0
