,Human,LLM,LLM cc,EasyOCR,EasyOCR cc,Pytesseract,Pytesseract cc,KerasOCR,KerasOCR cc
Human,0.0,0.9824468085106383,0.9908839779005525,0.9857297297297297,0.9886507936507937,0.9686267605633803,0.9814322250639386,0.994406779661017,1.0
LLM,0.9824468085106383,0.0,0.9547058823529412,0.9934782608695653,0.9922957198443579,0.9809248554913295,0.9892391304347826,1.0,1.0
LLM cc,0.9908839779005525,0.9547058823529412,0.0,0.9959259259259259,0.996008064516129,0.9900602409638555,0.9938432835820895,1.0,1.0
EasyOCR,0.9857297297297297,0.9934782608695653,0.9959259259259259,0.0,0.9764845605700713,0.9821875,0.9869450549450549,0.9886206896551724,0.9914655172413793
EasyOCR cc,0.9886507936507937,0.9922957198443579,0.996008064516129,0.9764845605700713,0.0,0.9834078212290502,0.9863398692810458,0.9888607594936709,0.9916455696202532
Pytesseract,0.9686267605633803,0.9809248554913295,0.9900602409638555,0.9821875,0.9834078212290502,0.0,0.956875,0.9809615384615384,0.9851923076923077
Pytesseract cc,0.9814322250639386,0.9892391304347826,0.9938432835820895,0.9869450549450549,0.9863398692810458,0.956875,0.0,0.9884883720930232,0.9923552123552124
KerasOCR,0.994406779661017,1.0,1.0,0.9886206896551724,0.9888607594936709,0.9809615384615384,0.9884883720930232,0.0,0.7433333333333333
KerasOCR cc,1.0,1.0,1.0,0.9914655172413793,0.9916455696202532,0.9851923076923077,0.9923552123552124,0.7433333333333333,0.0
