,Human,LLM,LLM cc,EasyOCR,EasyOCR cc,Pytesseract,Pytesseract cc,KerasOCR,KerasOCR cc
Human,0.0,0.8773584905660378,0.7894736842105263,0.9282178217821783,0.954233409610984,0.8623188405797102,0.9155313351498637,0.9899497487437185,0.9899497487437185
LLM,0.8773584905660378,0.0,0.8263888888888888,0.9693877551020408,0.984472049689441,0.96045197740113,0.9731800766283525,0.9857142857142858,0.9857142857142858
LLM cc,0.7894736842105263,0.8263888888888888,0.0,0.9449275362318841,0.9653333333333334,0.920704845814978,0.9352750809061489,0.9923664122137404,0.9923664122137404
EasyOCR,0.9282178217821783,0.9693877551020408,0.9449275362318841,0.0,0.9192546583850931,0.9232954545454546,0.9356321839080459,0.9769230769230769,0.9808429118773946
EasyOCR cc,0.954233409610984,0.984472049689441,0.9653333333333334,0.9192546583850931,0.0,0.9477806788511749,0.9436008676789588,0.986013986013986,0.986013986013986
Pytesseract,0.8623188405797102,0.96045197740113,0.920704845814978,0.9232954545454546,0.9477806788511749,0.0,0.8417508417508418,0.972027972027972,0.9791666666666666
Pytesseract cc,0.9155313351498637,0.9731800766283525,0.9352750809061489,0.9356321839080459,0.9436008676789588,0.8417508417508418,0.0,0.9641255605381166,0.96875
KerasOCR,0.9899497487437185,0.9857142857142858,0.9923664122137404,0.9769230769230769,0.986013986013986,0.972027972027972,0.9641255605381166,0.0,0.1111111111111111
KerasOCR cc,0.9899497487437185,0.9857142857142858,0.9923664122137404,0.9808429118773946,0.986013986013986,0.9791666666666666,0.96875,0.1111111111111111,0.0
