,Human,LLM,LLM cc,EasyOCR,EasyOCR cc,Pytesseract,Pytesseract cc,KerasOCR,KerasOCR cc
Human,0.0,0.9759375,0.9609004739336493,0.9810443864229765,0.9865306122448979,0.9563728813559322,0.972089552238806,0.993125,1.0
LLM,0.9759375,0.0,0.9516,0.9920481927710844,0.9948031496062992,0.985,0.9929285714285714,1.0,1.0
LLM cc,0.9609004739336493,0.9516,0.0,0.9916906474820144,0.9929787234042553,0.9838235294117647,0.9869736842105263,0.9956,1.0
EasyOCR,0.9810443864229765,0.9920481927710844,0.9916906474820144,0.0,0.9734751773049646,0.9798891966759002,0.9850646551724138,0.9888607594936709,0.9916101694915255
EasyOCR cc,0.9865306122448979,0.9948031496062992,0.9929787234042553,0.9734751773049646,0.0,0.9838586956521739,0.985897435897436,0.9875732217573222,0.9902941176470588
Pytesseract,0.9563728813559322,0.985,0.9838235294117647,0.9798891966759002,0.9838586956521739,0.0,0.9505,0.9861676646706586,0.9920958083832335
Pytesseract cc,0.972089552238806,0.9929285714285714,0.9869736842105263,0.9850646551724138,0.985897435897436,0.9505,0.0,0.9914126394052044,0.995092936802974
KerasOCR,0.993125,1.0,0.9956,0.9888607594936709,0.9875732217573222,0.9861676646706586,0.9914126394052044,0.0,0.7568421052631579
KerasOCR cc,1.0,1.0,1.0,0.9916101694915255,0.9902941176470588,0.9920958083832335,0.995092936802974,0.7568421052631579,0.0
