,Human,LLM,LLM cc,EasyOCR,EasyOCR cc,Pytesseract,Pytesseract cc
Human,0.0,0.8708133971291866,0.9337016574585635,0.9196891191709845,0.9185750636132316,0.8795620437956204,0.86328125
LLM,0.8708133971291866,0.0,0.8032786885245902,0.9615384615384616,0.9625850340136054,0.9375,0.9245283018867925
LLM cc,0.9337016574585635,0.8032786885245902,0.0,0.97165991902834,0.9725490196078431,0.948905109489051,0.9333333333333333
EasyOCR,0.9196891191709845,0.9615384615384616,0.97165991902834,0.0,0.8537735849056604,0.9014925373134328,0.9034267912772586
EasyOCR cc,0.9185750636132316,0.9625850340136054,0.9725490196078431,0.8537735849056604,0.0,0.9037900874635568,0.9090909090909091
Pytesseract,0.8795620437956204,0.9375,0.948905109489051,0.9014925373134328,0.9037900874635568,0.0,0.7525773195876289
Pytesseract cc,0.86328125,0.9245283018867925,0.9333333333333333,0.9034267912772586,0.9090909090909091,0.7525773195876289,0.0
