,Human,LLM,LLM cc,EasyOCR,EasyOCR cc,Pytesseract,Pytesseract cc,KerasOCR,KerasOCR cc
Human,0.0,0.8697674418604651,0.8995633187772926,0.9297820823244553,0.953125,0.8671328671328671,0.9096385542168675,0.9904306220095693,0.9903381642512077
LLM,0.8697674418604651,0.0,0.7261904761904762,0.9578947368421052,0.9714285714285714,0.9470588235294117,0.9516908212560387,1.0,1.0
LLM cc,0.8995633187772926,0.7261904761904762,0.0,0.9731543624161074,0.9753846153846154,0.9555555555555556,0.9727272727272728,1.0,1.0
EasyOCR,0.9297820823244553,0.9578947368421052,0.9731543624161074,0.0,0.9149377593360996,0.9230769230769231,0.9138381201044387,0.9768339768339769,0.9806201550387597
EasyOCR cc,0.953125,0.9714285714285714,0.9753846153846154,0.9149377593360996,0.0,0.948051948051948,0.9350961538461539,0.9790209790209791,0.9824561403508771
Pytesseract,0.8671328671328671,0.9470588235294117,0.9555555555555556,0.9230769230769231,0.948051948051948,0.0,0.8359375,0.972027972027972,0.9716312056737588
Pytesseract cc,0.9096385542168675,0.9516908212560387,0.9727272727272728,0.9138381201044387,0.9350961538461539,0.8359375,0.0,0.9664804469273743,0.9719101123595506
KerasOCR,0.9904306220095693,1.0,1.0,0.9768339768339769,0.9790209790209791,0.972027972027972,0.9664804469273743,0.0,0.11764705882352941
KerasOCR cc,0.9903381642512077,1.0,1.0,0.9806201550387597,0.9824561403508771,0.9716312056737588,0.9719101123595506,0.11764705882352941,0.0
