,Human,LLM,LLM cc,EasyOCR,EasyOCR cc,Pytesseract,Pytesseract cc,KerasOCR,KerasOCR cc
Human,0.0,0.9595283018867925,0.9305263157894736,0.9763118811881188,0.9848970251716247,0.9545652173913044,0.972125340599455,0.9966834170854272,0.9966834170854272
LLM,0.9595283018867925,0.0,0.9427083333333334,0.9898979591836735,0.9948757763975156,0.9869491525423729,0.9911494252873563,0.9952857142857143,0.9952857142857143
LLM cc,0.9305263157894736,0.9427083333333334,0.0,0.9818260869565217,0.98856,0.9738325991189427,0.9786407766990292,0.9974809160305343,0.9974809160305343
EasyOCR,0.9763118811881188,0.9898979591836735,0.9818260869565217,0.0,0.9733540372670807,0.9746875,0.9787586206896551,0.9923846153846154,0.9936781609195402
EasyOCR cc,0.9848970251716247,0.9948757763975156,0.98856,0.9733540372670807,0.0,0.9827676240208877,0.9813882863340564,0.9953846153846154,0.9953846153846154
Pytesseract,0.9545652173913044,0.9869491525423729,0.9738325991189427,0.9746875,0.9827676240208877,0.0,0.9477777777777778,0.9907692307692307,0.993125
Pytesseract cc,0.972125340599455,0.9911494252873563,0.9786407766990292,0.9787586206896551,0.9813882863340564,0.9477777777777778,0.0,0.9881614349775785,0.9896875
KerasOCR,0.9966834170854272,0.9952857142857143,0.9974809160305343,0.9923846153846154,0.9953846153846154,0.9907692307692307,0.9881614349775785,0.0,0.7066666666666667
KerasOCR cc,0.9966834170854272,0.9952857142857143,0.9974809160305343,0.9936781609195402,0.9953846153846154,0.993125,0.9896875,0.7066666666666667,0.0
