,Human,LLM,LLM cc,EasyOCR,EasyOCR cc,Pytesseract,Pytesseract cc,KerasOCR,KerasOCR cc
Human,0.0,0.911504424778761,0.9466019417475728,0.9476309226932669,0.962877030162413,0.9018181818181819,0.9409937888198758,0.9948979591836735,0.9948453608247423
LLM,0.911504424778761,0.0,0.8522727272727273,0.9696969696969697,0.965625,0.9550561797752809,0.9678899082568807,0.9746835443037974,0.974025974025974
LLM cc,0.9466019417475728,0.8522727272727273,0.0,0.9890510948905109,0.9933333333333333,0.9935897435897436,0.9948717948717949,1.0,1.0
EasyOCR,0.9476309226932669,0.9696969696969697,0.9890510948905109,0.0,0.9281183932346723,0.9384164222873901,0.9278074866310161,0.9801587301587301,0.9840637450199203
EasyOCR cc,0.962877030162413,0.965625,0.9933333333333333,0.9281183932346723,0.0,0.9596774193548387,0.9481481481481482,0.9819494584837545,0.9855072463768116
Pytesseract,0.9018181818181819,0.9550561797752809,0.9935897435897436,0.9384164222873901,0.9596774193548387,0.0,0.8714859437751004,0.9699248120300752,0.9694656488549618
Pytesseract cc,0.9409937888198758,0.9678899082568807,0.9948717948717949,0.9278074866310161,0.9481481481481482,0.8714859437751004,0.0,0.9647058823529412,0.9704142011834319
KerasOCR,0.9948979591836735,0.9746835443037974,1.0,0.9801587301587301,0.9819494584837545,0.9699248120300752,0.9647058823529412,0.0,0.125
KerasOCR cc,0.9948453608247423,0.974025974025974,1.0,0.9840637450199203,0.9855072463768116,0.9694656488549618,0.9704142011834319,0.125,0.0
