,Human,LLM,LLM cc,EasyOCR,EasyOCR cc,Pytesseract,Pytesseract cc
Human,0.0,0.7777777777777778,0.7972350230414746,0.9359267734553776,0.9340909090909091,0.8878787878787879,0.8981481481481481
LLM,0.7777777777777778,0.0,0.5961538461538461,0.9552238805970149,0.9557522123893806,0.9322033898305084,0.9244444444444444
LLM cc,0.7972350230414746,0.5961538461538461,0.0,0.9653179190751445,0.9657142857142857,0.9558232931726908,0.9451476793248945
EasyOCR,0.9359267734553776,0.9552238805970149,0.9653179190751445,0.0,0.39204545454545453,0.908235294117647,0.9241706161137441
EasyOCR cc,0.9340909090909091,0.9557522123893806,0.9657142857142857,0.39204545454545453,0.0,0.9065420560747663,0.9223529411764706
Pytesseract,0.8878787878787879,0.9322033898305084,0.9558232931726908,0.908235294117647,0.9065420560747663,0.0,0.7148014440433214
Pytesseract cc,0.8981481481481481,0.9244444444444444,0.9451476793248945,0.9241706161137441,0.9223529411764706,0.7148014440433214,0.0
