,Human,LLM,LLM cc,EasyOCR,EasyOCR cc,Pytesseract,Pytesseract cc,KerasOCR,KerasOCR cc
Human,0.0,0.9762019230769231,0.9926119402985074,0.982718204488778,0.9877494199535963,0.9676,0.9805279503105591,0.9983163265306122,0.998298969072165
LLM,0.9762019230769231,0.0,0.9975373134328358,0.995268817204301,0.9945544554455445,0.9916981132075472,0.9933333333333333,0.9942105263157894,0.994
LLM cc,0.9926119402985074,0.9975373134328358,0.0,1.0,1.0,1.0,1.0,1.0,1.0
EasyOCR,0.982718204488778,0.995268817204301,1.0,0.0,0.9762790697674418,0.9796774193548388,0.9761764705882353,0.993452380952381,0.9947410358565737
EasyOCR cc,0.9877494199535963,0.9945544554455445,1.0,0.9762790697674418,0.0,0.9866935483870968,0.9828888888888889,0.994043321299639,0.9952173913043478
Pytesseract,0.9676,0.9916981132075472,1.0,0.9796774193548388,0.9866935483870968,0.0,0.9575903614457831,0.9900751879699248,0.9899236641221374
Pytesseract cc,0.9805279503105591,0.9933333333333333,1.0,0.9761764705882353,0.9828888888888889,0.9575903614457831,0.0,0.9883529411764705,0.9902366863905325
KerasOCR,0.9983163265306122,0.9942105263157894,1.0,0.993452380952381,0.994043321299639,0.9900751879699248,0.9883529411764705,0.0,0.41374999999999995
KerasOCR cc,0.998298969072165,0.994,1.0,0.9947410358565737,0.9952173913043478,0.9899236641221374,0.9902366863905325,0.41374999999999995,0.0
