,Human,LLM,LLM cc,EasyOCR,EasyOCR cc,Pytesseract,Pytesseract cc,KerasOCR,KerasOCR cc
Human,0.0,0.9270833333333334,0.8815165876777251,0.9425587467362925,0.9591836734693877,0.8677966101694915,0.9154228855721394,0.9791666666666666,1.0
LLM,0.9270833333333334,0.0,0.8533333333333334,0.9759036144578314,0.984251968503937,0.9545454545454546,0.9785714285714285,1.0,1.0
LLM cc,0.8815165876777251,0.8533333333333334,0.0,0.9748201438848921,0.9787234042553191,0.9509803921568627,0.9605263157894737,0.9866666666666667,1.0
EasyOCR,0.9425587467362925,0.9759036144578314,0.9748201438848921,0.0,0.9196217494089834,0.9390581717451524,0.9547413793103449,0.9662447257383966,0.9745762711864406
EasyOCR cc,0.9591836734693877,0.984251968503937,0.9787234042553191,0.9196217494089834,0.0,0.9510869565217391,0.9572649572649573,0.9623430962343096,0.9705882352941176
Pytesseract,0.8677966101694915,0.9545454545454546,0.9509803921568627,0.9390581717451524,0.9510869565217391,0.0,0.85,0.9580838323353293,0.9760479041916168
Pytesseract cc,0.9154228855721394,0.9785714285714285,0.9605263157894737,0.9547413793103449,0.9572649572649573,0.85,0.0,0.9739776951672863,0.9851301115241635
KerasOCR,0.9791666666666666,1.0,0.9866666666666667,0.9662447257383966,0.9623430962343096,0.9580838323353293,0.9739776951672863,0.0,0.2631578947368421
KerasOCR cc,1.0,1.0,1.0,0.9745762711864406,0.9705882352941176,0.9760479041916168,0.9851301115241635,0.2631578947368421,0.0
