,Human,LLM,LLM cc,EasyOCR,EasyOCR cc,Pytesseract,Pytesseract cc,KerasOCR,KerasOCR cc
Human,0.0,0.9570232558139535,0.9668558951965065,0.9768280871670703,0.98453125,0.9561538461538461,0.9701807228915663,0.9968421052631579,0.9968115942028986
LLM,0.9570232558139535,0.0,0.9096428571428571,0.9861052631578947,0.9905714285714285,0.9825294117647059,0.9840579710144928,1.0,1.0
LLM cc,0.9668558951965065,0.9096428571428571,0.0,0.9911409395973154,0.9918769230769231,0.9853333333333333,0.991,1.0,1.0
EasyOCR,0.9768280871670703,0.9861052631578947,0.9911409395973154,0.0,0.9719294605809129,0.9746153846153847,0.9715665796344648,0.9923552123552124,0.9936046511627907
EasyOCR cc,0.98453125,0.9905714285714285,0.9918769230769231,0.9719294605809129,0.0,0.9828571428571429,0.9785817307692307,0.9930769230769231,0.9942105263157894
Pytesseract,0.9561538461538461,0.9825294117647059,0.9853333333333333,0.9746153846153847,0.9828571428571429,0.0,0.945859375,0.9907692307692307,0.9906382978723405
Pytesseract cc,0.9701807228915663,0.9840579710144928,0.991,0.9715665796344648,0.9785817307692307,0.945859375,0.0,0.9889385474860335,0.9907303370786517
KerasOCR,0.9968421052631579,1.0,1.0,0.9923552123552124,0.9930769230769231,0.9907692307692307,0.9889385474860335,0.0,0.4088235294117647
KerasOCR cc,0.9968115942028986,1.0,1.0,0.9936046511627907,0.9942105263157894,0.9906382978723405,0.9907303370786517,0.4088235294117647,0.0
