,Human,LLM,LLM cc,EasyOCR,EasyOCR cc,Pytesseract,Pytesseract cc
Human,0.0,0.9573684210526315,0.9781215469613259,0.9734974093264249,0.9731297709923664,0.9602554744525548,0.9548828125
LLM,0.9573684210526315,0.0,0.9350819672131148,0.9873076923076923,0.9876530612244898,0.979375,0.9750943396226415
LLM cc,0.9781215469613259,0.9350819672131148,0.0,0.9906477732793523,0.9909411764705882,0.9831386861313869,0.978
EasyOCR,0.9734974093264249,0.9873076923076923,0.9906477732793523,0.0,0.951745283018868,0.9674925373134329,0.9681308411214953
EasyOCR cc,0.9731297709923664,0.9876530612244898,0.9909411764705882,0.951745283018868,0.0,0.9682507288629738,0.97
Pytesseract,0.9602554744525548,0.979375,0.9831386861313869,0.9674925373134329,0.9682507288629738,0.0,0.9183505154639175
Pytesseract cc,0.9548828125,0.9750943396226415,0.978,0.9681308411214953,0.97,0.9183505154639175,0.0
