,Human,LLM,LLM cc,EasyOCR,EasyOCR cc,Pytesseract,Pytesseract cc,KerasOCR,KerasOCR cc
Human,0.0,1.072115421295166,1.7514562606811523,1.123367190361023,1.1216859817504883,1.0353773832321167,1.085629940032959,0.9714285731315613,0.9687034487724304
LLM,1.3136966228485107,0.0,2.1104564666748047,1.2032400369644165,1.1885125637054443,1.2341679334640503,1.225331425666809,0.9704724550247192,0.9651162624359131
LLM cc,0.9386056065559387,0.9566088318824768,0.0,0.9276794791221619,0.9193548560142517,0.9239417910575867,0.9181626439094543,0.9620721340179443,0.9558011293411255
EasyOCR,1.2246835231781006,1.1638176441192627,1.955043911933899,0.0,1.157436728477478,1.1873239278793335,1.1233333349227905,0.9668508172035217,0.9671533107757568
EasyOCR cc,1.251896858215332,1.1763848066329956,1.994356632232666,1.2001640796661377,0.0,1.1858789920806885,1.206658959388733,0.9651837348937988,0.9557692408561707
Pytesseract,1.294985294342041,1.2544909715652466,2.060472011566162,1.2433627843856812,1.2138643264770508,0.0,1.2094395160675049,0.9609929323196411,0.9575220942497253
Pytesseract cc,1.320958137512207,1.22173273563385,2.082634687423706,1.2107784748077393,1.2586826086044312,1.1884057521820068,0.0,0.9569471478462219,0.9532163739204407
KerasOCR,6.271844863891602,4.786407947540283,10.097086906433105,5.097087383270264,4.84466028213501,5.262135982513428,4.747572898864746,0.0,0.8543689250946045
KerasOCR cc,6.25,4.788461685180664,9.980769157409668,5.096153736114502,4.778846263885498,5.20192289352417,4.70192289352417,0.8543689250946045,0.0
