,Human,LLM,LLM cc,EasyOCR,EasyOCR cc,Pytesseract,Pytesseract cc,KerasOCR,KerasOCR cc
Human,0.0,0.8806818181818182,0.9267015706806283,0.9567567567567568,0.9656084656084656,0.9049295774647887,0.9437340153452686,0.9830508474576272,1.0
LLM,0.8806818181818182,0.0,0.7741935483870968,0.9841897233201581,0.980544747081712,0.9418604651162791,0.9710144927536232,1.0,1.0
LLM cc,0.9267015706806283,0.7741935483870968,0.0,0.9807692307692307,0.9772727272727273,0.9617486338797814,0.971830985915493,1.0,1.0
EasyOCR,0.9567567567567568,0.9841897233201581,0.9807692307692307,0.0,0.9287410926365796,0.9460227272727273,0.9604395604395605,0.9655172413793104,0.9741379310344828
EasyOCR cc,0.9656084656084656,0.980544747081712,0.9772727272727273,0.9287410926365796,0.0,0.9497206703910615,0.9586056644880174,0.9662447257383966,0.9746835443037974
Pytesseract,0.9049295774647887,0.9418604651162791,0.9617486338797814,0.9460227272727273,0.9497206703910615,0.0,0.8693181818181818,0.9423076923076923,0.9551282051282052
Pytesseract cc,0.9437340153452686,0.9710144927536232,0.971830985915493,0.9604395604395605,0.9586056644880174,0.8693181818181818,0.0,0.9651162790697675,0.9768339768339769
KerasOCR,0.9830508474576272,1.0,1.0,0.9655172413793104,0.9662447257383966,0.9423076923076923,0.9651162790697675,0.0,0.2222222222222222
KerasOCR cc,1.0,1.0,1.0,0.9741379310344828,0.9746835443037974,0.9551282051282052,0.9768339768339769,0.2222222222222222,0.0
