,Human,LLM,LLM cc,EasyOCR,EasyOCR cc,Pytesseract,Pytesseract cc,KerasOCR,KerasOCR cc
Human,0.0,1.1735700368881226,1.2192362546920776,1.1554656028747559,1.1715446710586548,1.1123260259628296,1.1061025857925415,0.9719008207321167,0.9696969985961914
LLM,1.2906724214553833,0.0,1.177874207496643,1.2516268491744995,1.2581344842910767,1.2581344842910767,1.171366572380066,0.9783080220222473,0.9761388301849365
LLM cc,1.2474673986434937,1.0502901077270508,0.0,1.175108551979065,1.1577423810958862,1.1823444366455078,1.1201157569885254,0.9780775904655457,0.9629629850387573
EasyOCR,1.1921470165252686,1.090737223625183,1.142053484916687,0.0,1.1112971305847168,1.1321539878845215,1.1512113809585571,0.9713804721832275,0.9743202328681946
EasyOCR cc,1.2232598066329956,1.106870174407959,1.1461317539215088,1.127334475517273,0.0,1.15625,1.1621391773223877,0.9764705896377563,0.9642301797866821
Pytesseract,1.34011971950531,1.2581344842910767,1.3009554147720337,1.3029940128326416,1.2850298881530762,0.0,1.2371257543563843,0.973634660243988,0.9563758373260498
Pytesseract cc,1.2678855657577515,1.2676056623458862,1.240384578704834,1.2515894174575806,1.2456779479980469,1.1619797945022583,0.0,0.9737336039543152,0.9694915413856506
KerasOCR,5.113043308258057,4.55555534362793,5.043478488922119,5.017391204833984,5.052174091339111,4.495652198791504,4.513043403625488,0.0,0.947826087474823
KerasOCR cc,5.079365253448486,4.545454502105713,4.952381134033203,5.11904764175415,4.920634746551514,4.523809432983398,4.539682388305664,0.947826087474823,0.0
