,Human,LLM,LLM cc,EasyOCR,EasyOCR cc,Pytesseract,Pytesseract cc
Human,0.0,0.9266666666666666,0.9330875576036867,0.9788558352402746,0.97825,0.963,0.9663888888888889
LLM,0.9266666666666666,0.0,0.8667307692307692,0.9852238805970149,0.9853982300884956,0.9776271186440678,0.9750666666666666
LLM cc,0.9330875576036867,0.8667307692307692,0.0,0.9885549132947977,0.9886857142857143,0.9854216867469879,0.9818987341772152
EasyOCR,0.9788558352402746,0.9852238805970149,0.9885549132947977,0.0,0.799375,0.9697176470588236,0.9749763033175356
EasyOCR cc,0.97825,0.9853982300884956,0.9886857142857143,0.799375,0.0,0.9691588785046729,0.9743764705882353
Pytesseract,0.963,0.9776271186440678,0.9854216867469879,0.9697176470588236,0.9691588785046729,0.0,0.905884476534296
Pytesseract cc,0.9663888888888889,0.9750666666666666,0.9818987341772152,0.9749763033175356,0.9743764705882353,0.905884476534296,0.0
