,LLM,EasyOCR,Pytesseract
LLM,0.0,0.979920634920635,0.983094262295082
EasyOCR,0.979920634920635,0.0,0.9747470817120623
Pytesseract,0.983094262295082,0.9747470817120623,0.0
