,LLM,EasyOCR,Pytesseract
LLM,0.0,0.989159891598916,1.0
EasyOCR,0.989159891598916,0.0,0.9524456521739131
Pytesseract,1.0,0.9524456521739131,0.0
