,LLM,EasyOCR,Pytesseract
LLM,0.0,0.9391534391534392,0.9487704918032787
EasyOCR,0.9391534391534392,0.0,0.9234760051880675
Pytesseract,0.9487704918032787,0.9234760051880675,0.0
