,LLM,EasyOCR,Pytesseract
LLM,0.0,0.9964227642276423,1.0
EasyOCR,0.9964227642276423,0.0,0.9843070652173913
Pytesseract,1.0,0.9843070652173913,0.0
