,Model,CER
0,gpt-4o,2.354112148284912
1,gpt-4o,0.8190433382987976
2,claude-3-5-sonnet-20240620,0.8072289228439331
3,claude-3-5-sonnet-20240620,0.7558664083480835
4,EasyOCR,0.8082765936851501
5,EasyOCR,0.8037003874778748
6,Pytesseract,0.7920377254486084
7,Pytesseract,0.832129955291748
8,KerasOCR,0.8308014869689941
9,KerasOCR,0.8506317734718323
