Sample,Pytesseract
0,0.8333333134651184
1,0.9021065831184387
2,0.8361955285072327
3,0.9374079704284668
4,0.8088485598564148
5,0.9500337839126587
6,1.0151400566101074
7,0.8479709029197693
8,0.972016453742981
9,0.8309248685836792
10,0.9355140328407288
11,0.8461025953292847
12,0.8631513118743896
13,0.9118264317512512
14,0.8467492461204529
15,0.8602719306945801
16,0.8644315004348755
17,0.864090621471405
18,0.921012282371521
19,0.9111111164093018
