Sample,trOCR
0,0.9681159257888794
1,0.9319682717323303
2,0.9727540612220764
3,0.9733408689498901
4,0.946657657623291
5,0.9780469536781311
6,0.9697152972221375
7,0.9868312478065491
8,0.9609826803207397
9,0.9551401734352112
10,0.9893404245376587
11,0.9322034120559692
12,0.9657102823257446
13,0.9791021943092346
14,0.9773414134979248
15,0.9467930197715759
16,0.9753497838973999
17,0.9677914381027222
18,0.9530864357948303
