Sample,EasyOCR
0,0.9702898263931274
1,0.9529120326042175
2,0.964993417263031
3,1.0051546096801758
4,0.8996029496192932
5,0.9763672947883606
6,0.9894019961357117
7,0.8988491892814636
8,0.9810699820518494
9,0.9508670568466187
10,1.0560747385025024
11,0.8947368264198303
12,0.9453860521316528
13,0.954513669013977
14,1.0232198238372803
15,0.9924471378326416
16,0.9919825196266174
17,0.9546968936920166
18,0.9700919985771179
19,0.9942386746406555
