Sample,gpt-4o
0,2.273188352584839
1,2.9343247413635254
2,1.0812417268753052
3,1.0346096754074097
4,2.069767475128174
5,0.6853477358818054
6,0.7327781915664673
7,0.9267110824584961
8,2.0370371341705322
9,42.28251266479492
10,1.257943868637085
11,3.6409060955047607
12,0.9403641223907471
13,2.604618549346924
14,0.727554202079773
15,1.4335347414016724
16,1.5437318086624146
17,0.8807461857795715
18,1.1257668733596802
19,2.189300298690796
