Sample,trOCR
0,0.9681159257888794
1,0.9727540612220764
2,0.9733408689498901
3,0.946657657623291
4,0.9780469536781311
5,0.9697152972221375
6,0.9868312478065491
7,0.9609826803207397
8,0.9551401734352112
9,0.9893404245376587
10,0.9322034120559692
11,0.9657102823257446
12,0.9791021943092346
13,0.9773414134979248
14,0.9467930197715759
15,0.9753497838973999
16,0.9677914381027222
17,0.9530864357948303
