Sample,EasyOCR
0,0.9702898263931274
1,0.964993417263031
2,1.0051546096801758
3,0.8996029496192932
4,0.9763672947883606
5,0.9894019961357117
6,0.8988491892814636
7,0.9810699820518494
8,0.9523121118545532
9,1.0579439401626587
10,0.8947368264198303
11,0.9447582960128784
12,0.954513669013977
13,1.022445797920227
14,0.9924471378326416
15,0.9919825196266174
16,0.9546968936920166
17,0.9700919985771179
18,0.9942386746406555
