Sample,gpt-4o
0,0.6072463989257812
1,0.6502209305763245
2,0.7294384837150574
3,0.6853477358818054
4,0.7751703262329102
5,0.6365838646888733
6,0.8041152358055115
7,0.698699414730072
8,0.8467289805412292
9,0.4077281951904297
10,0.8487130999565125
11,0.7130860686302185
12,0.5828173160552979
13,0.7333837151527405
14,0.8119533658027649
15,0.6775482892990112
16,0.5352760553359985
17,0.8444444537162781
