Sample,gpt-4o
0,2.384782552719116
1,0.7044609785079956
2,1.304491400718689
3,0.6288659572601318
4,1.0470788478851318
5,0.7656988501548767
6,1.5109765529632568
7,1.001211404800415
8,2.1983540058135986
9,1.3518786430358887
10,0.7467289566993713
11,1.5056629180908203
12,1.0012555122375488
13,1.0300909280776978
14,1.346749186515808
15,0.6971299052238464
16,0.6290087699890137
17,0.8814123868942261
18,1.258435606956482
19,0.9497942328453064
