Sample,claude-3-5-sonnet-20240620
0,0.5079709887504578
1,1.4033457040786743
2,0.5118890404701233
3,1.0603829622268677
4,1.1361316442489624
5,0.7116813063621521
6,0.8031793832778931
7,1.0956995487213135
8,0.5835390686988831
9,0.6372832655906677
10,0.949532687664032
11,0.6489007472991943
12,0.5831763744354248
13,0.6920923590660095
14,0.6942724585533142
15,0.7077039480209351
16,0.6785714030265808
17,0.638241171836853
18,0.4739263951778412
19,0.636214017868042
