Sample,Pytesseract
0,0.8333333134651184
1,0.8361955285072327
2,0.9374079704284668
3,0.8088485598564148
4,0.9500337839126587
5,1.0151400566101074
6,0.8479709029197693
7,0.972016453742981
8,0.8309248685836792
9,0.9355140328407288
10,0.8461025953292847
11,0.8631513118743896
12,0.9118264317512512
13,0.8467492461204529
14,0.8602719306945801
15,0.8644315004348755
16,0.864090621471405
17,0.921012282371521
18,0.9111111164093018
