Sample,claude-3-5-sonnet-20240620
0,0.593478262424469
1,0.5449141263961792
2,0.5773195624351501
3,2.444129228591919
4,0.5948683619499207
5,0.6426949501037598
6,0.5838885307312012
7,0.5275720357894897
8,0.49783235788345337
9,0.7953271269798279
10,0.5916056036949158
11,0.5982422828674316
12,0.5234429836273193
13,0.6873065233230591
14,0.5989425778388977
15,0.5758017301559448
16,0.5416389107704163
17,0.6495398879051208
18,0.6551440358161926
