Sample,EasyOCR
0,0.9688405990600586
1,1.0051546096801758
2,0.8996029496192932
3,0.9763672947883606
4,0.9894019961357117
5,0.8988491892814636
6,0.9810699820518494
7,0.9508670568466187
8,1.0560747385025024
9,0.8947368264198303
10,0.9453860521316528
11,0.954513669013977
12,1.0232198238372803
13,0.9924471378326416
14,0.9919825196266174
15,0.9546968936920166
16,0.9700919985771179
17,0.9942386746406555
