Sample,claude-3-5-sonnet-20240620
0,0.28013982780333624
1,0.15615989821069484
2,0.2761433411421169
3,0.0220946768981936
4,0.04674136931105756
5,0.0
6,0.0497562081877076
7,0.12191871331485735
8,0.3226493646401289
9,0.09764478697117676
10,0.02952467682489132
11,0.06542255802759106
12,0.13375255109455642
13,0.17102485495068942
14,0.2209072374163455
15,0.17581026786450607
16,0.22137145862755017
17,0.09411534378085698
18,0.3852617949800556
19,0.16423703139557166
