Sample,claude-3-5-sonnet-20240620
0,0.2157998926549261
1,0.23841754547706476
2,0.22922241210654587
3,0.22819947966787704
4,0.22805855241577438
5,0.31854563812867265
6,0.21830819137213783
7,0.3194332206650906
8,0.2331010473574896
9,0.25569002622948583
10,0.1597830849516023
11,0.1087357962256409
12,0.22383001072811068
13,0.3169320734716805
14,0.33803585258761737
15,0.19776293039204343
16,0.20375146673696
17,0.2336572274348698
18,0.29735697392322147
