Sample,gpt-4o
0,0.08115758758852228
1,0.0
2,0.09414659794383905
3,0.01790514012109132
4,0.0
5,0.0
6,0.021442601431933262
7,0.01623812557144196
8,0.026402338336273912
9,0.0
10,0.0
11,0.08518102422019387
12,0.0
13,0.08635675172181098
14,0.018839172144733667
15,0.17395404717624002
16,0.023209086115869453
17,0.013301760730672577
18,0.0
