Sample,claude-3-5-sonnet-20240620
0,0.24337237601801798
1,0.29028914259166444
2,0.2689451985797362
3,0.24323539136189612
4,0.27481092191441797
5,0.21023923152624407
6,0.31471713279456387
7,0.1837870393820752
8,0.25418001870025275
9,0.1954226070565283
10,0.20222724050516355
11,0.28091160154658307
12,0.33186406498347143
13,0.33298859658659513
14,0.2937665974370613
15,0.22748678326458432
16,0.3009621787239055
17,0.35523374739496655
