Sample,gpt-4o
0,0.1847066770618244
1,0.39413599612241584
2,0.2794561000125846
3,0.3296676972229396
4,0.2699205796978659
5,0.19992979989492912
6,0.36395322917636797
7,0.2057976378198953
8,0.2973496829511629
9,0.31854732445330974
10,0.28448771734002454
11,0.3499753468067435
12,0.31375821159491707
13,0.30849498624704147
14,0.2818275185186128
15,0.2979793752089666
16,0.3172350920878202
17,0.33232850163466593
