Sample,claude-3-5-sonnet-20240620
0,0.06406256140537939
1,0.08482495257916263
2,0.04917281032605574
3,0.06010130623261841
4,0.0
5,0.06009832386031323
6,0.13259220921108217
7,0.06977552248214255
8,0.13150749119674673
9,0.022082733860741697
10,0.07884286860536177
11,0.030378481785109827
12,0.03411081949427923
13,0.06224146386763288
14,0.06886141883801121
15,0.04266171957981222
16,0.0651010920710502
17,0.12142479090811398
18,0.08671265394007488
19,0.12228209321043093
