Sample,gpt-4o
0,0.28614379860488137
1,0.058322755511239485
2,0.425043703557224
3,0.2581403555974741
4,0.0
5,0.0
6,0.2588079442548591
7,0.43077537555408807
8,0.3003861477353962
9,0.27851951925218527
10,0.3022210212344748
11,0.28465481398187764
12,0.3058774358720376
13,0.29194181276337433
14,0.2897099422488978
15,0.0
16,0.30208517038179605
17,0.2912771136937165
18,0.2863044433972374
