Sample,claude-3-5-sonnet-20240620
0,0.175783386
1,0.245419652
2,0.170539861
3,0.149991358
4,0.310327882
5,0.158611895
6,0.228299674
7,0.183528668
8,0
9,0.101779682
10,0.150883998
11,0.171450362
12,0.377792662
13,0.31958501
14,0.202056885
15,0.203015754
16,0.248817339
17,0.272409747