Sample,gpt-4o
0,0.13227522705655057
1,0.10158715697749233
2,0.016873400345474836
3,0.0
4,0.0
5,0.0
6,0.0
7,0.015031023918316934
8,0.0
9,0.30185575371523027
10,0.0
11,0.0
12,0.08473164795210109
13,0.014237265666321953
14,0.0
15,0.0
16,0.1880743422665383
17,0.0
