Sample,gpt-4o
0,0.1846613203920204
1,0.0
2,0.15853024845324032
3,0.2167826426991692
4,0.13537993048948432
5,0.0
6,0.17698665397983826
7,0.12870437176299707
8,0.2782781727013033
9,0.07904874115580376
10,0.19553869657853415
11,0.2019646204439613
12,0.17233176847864823
13,0.21284953524236183
14,0.1391783085958047
15,0.19856066598432945
16,0.20144972192160648
17,0.146682445315982
18,0.17613712011292695
19,0.26578159406052276
