file,bleu
17,0.047992656
16,0.232182346
14,0.095078719
15,0.067063483
11,0.2181774
10,0.074486575
12,0.239336101
13,0.041726618
8,0.01855208
9,0
4,0.167385959
5,0.033266244
7,0.054619941
6,0.042094523
2,0.585485797
3,0.511911498
1,0.024512296
20,0.025358077
18,0
19,0