Sample,claude-3-5-sonnet-20240620
0,0.1757833861018206
1,0.2454196520706286
2,0.17053986075407365
3,0.14999135781031395
4,0.3103278815643333
5,0.15861189486218932
6,0.228299674322857
7,0.18352866848090355
8,0.0
9,0.10177968187210332
10,0.15088399826845017
11,0.17145036160682253
12,0.3777926622892588
13,0.31958501028687125
14,0.20205688526711066
15,0.2030157537386089
16,0.2488173387593189
17,0.27240974706359466
