Sample;gpt-4o
0;0.08115759
1;0
2;0.0941466
3;0.01790514
4;0
5;0
6;0.0214426
7;0.01623813
8;0.02640234
9;0
10;0
11;0.08518102
12;0
13;0.08635675
14;0.01883917
15;0.17395405
16;0.02320909
17;0.01330176
18;0