Sample,claude-3-5-sonnet-20240620
0,0.3253558262521318
1,0.28916741075973573
2,0.21444959343758155
3,0.13562263798489188
4,0.19900806587539682
5,0.24160408390743598
6,0.2721085271963515
7,0.2251158581300263
8,0.2485065685603605
9,0.3185992327933972
10,0.18002196805991216
11,0.19895913918781652
12,0.34267322718580556
13,0.20306781406663568
14,0.26108582902617905
15,0.24252466589800176
16,0.2368648311256024
17,0.22691403326611037
18,0.3981653146124557
19,0.3179147673101299
