Sample,claude-3-5-sonnet-20240620
0,0.593478262
1,0.544914126
2,0.577319562
3,2.444129229
4,0.594868362
5,0.64269495
6,0.583888531
7,0.527572036
8,0.497832358
9,0.795327127
10,0.591605604
11,0.598242283
12,0.523442984
13,0.687306523
14,0.598942578
15,0.57580173
16,0.541638911
17,0.649539888
18,0.655144036