file,cer
17,0.549193997
16,0.542120344
14,0.544570502
15,0.486865149
11,0.619557937
10,0.565505804
12,0.670655567
13,0.616377171
8,0.536491058
9,0.572039072
4,0.557865169
5,0.516483516
7,0.560597358
6,0.58135861
2,0.409448819
3,0.423553719
1,0.545807885
20,0.561928005
18,0.621621622
19,0.584588644