Sample,gpt-4o
0,1.35869562625885
1,0.7509293556213379
2,1.3461030721664429
3,1.0169366598129272
4,0.9330686330795288
5,0.8379473090171814
6,0.760787308216095
7,0.8534221649169922
8,0.9547325372695923
9,0.7543352842330933
10,1.1943925619125366
11,1.470353126525879
12,0.8248587846755981
13,0.8194541931152344
14,0.8575851321220398
15,0.9577039480209351
16,0.967930018901825
17,1.2091938257217407
18,0.9585889577865601
19,0.7827160358428955
