Sample,gpt-4o
0,0.607246399
1,0.650220931
2,0.729438484
3,0.685347736
4,0.775170326
5,0.636583865
6,0.804115236
7,0.698699415
8,0.846728981
9,0.407728195
10,0.8487131
11,0.713086069
12,0.582817316
13,0.733383715
14,0.811953366
15,0.677548289
16,0.535276055
17,0.844444454