Sample,claude-3-5-sonnet-20240620
0,0.620289862
1,0.54050076
2,0.528077126
3,0.598244429
4,0.535200596
5,0.526347697
6,0.493004113
7,0.590317905
8,0.780373812
9,0.593604267
10,0.651600778
11,0.685094476
12,0.512383878
13,0.590634465
14,0.548104942
15,0.487674892
16,0.654908001
17,0.583539069