Sample,gpt-4o
0,0.863043487071991
1,0.9715983867645264
2,0.3549337387084961
3,0.49631309509277344
4,0.6455097794532776
5,0.9931869506835938
6,0.43246516585350037
7,0.48312756419181824
8,0.411849707365036
9,0.822429895401001
10,0.6082611680030823
11,0.604519784450531
12,0.6298110485076904
13,0.6532507538795471
14,0.6646525859832764
15,0.7667638659477234
16,0.614923357963562
17,0.6602760553359985
18,0.7399176955223083
