id,cer
2,0.769193
3,0.772727
4,0.757865
5,0.776099
6,0.766719
7,0.754739
9,0.749695
10,0.7623
11,0.746149
12,0.765349
13,0.776675
15,0.741389
17,0.759311
18,0.768711
19,0.758401
20,0.748627