,Human,LLM,LLM cc,EasyOCR,EasyOCR cc,Pytesseract,Pytesseract cc,KerasOCR,KerasOCR cc
Human,0.0,1.3700979948043823,1.364412784576416,1.1203064918518066,1.0809595584869385,1.033270001411438,1.0790035724639893,0.9598338007926941,0.9681440591812134
LLM,1.0200729370117188,0.0,1.0608272552490234,0.9811435341835022,0.9914841651916504,0.9746317267417908,0.9568126797676086,0.9547619223594666,0.9488095045089722
LLM cc,0.9770641922950745,1.0569696426391602,0.0,0.97265625,0.9683233499526978,0.974588930606842,0.9440591931343079,0.9589201807975769,0.9542253613471985
EasyOCR,1.2442553043365479,1.4730594158172607,1.483404278755188,0.0,1.115744709968567,1.1399317979812622,1.1429786682128906,0.9666666388511658,0.9566666483879089
EasyOCR cc,1.2314261198043823,1.5421003103256226,1.5140905380249023,1.1399999856948853,0.0,1.154913306236267,1.1725021600723267,0.9645270109176636,0.9510135054588318
Pytesseract,1.4025806188583374,1.5367741584777832,1.682580590248108,1.292903184890747,1.289032220840454,0.0,1.2129032611846924,0.953153133392334,0.9567567706108093
Pytesseract cc,1.345164179801941,1.580904483795166,1.67103111743927,1.263405442237854,1.2783985137939453,1.1989796161651611,0.0,0.9483747482299805,0.9483747482299805
KerasOCR,6.1327433586120605,7.097345352172852,7.230088710784912,5.1327433586120605,5.053097248077393,4.681416034698486,4.38938045501709,0.0,0.8495575189590454
KerasOCR cc,6.185840606689453,7.053097248077393,7.194690227508545,5.079646110534668,4.982300758361816,4.69911527633667,4.38938045501709,0.8495575189590454,0.0
