,Human,LLM,LLM cc,EasyOCR,EasyOCR cc,Pytesseract,Pytesseract cc,KerasOCR,KerasOCR cc
Human,0.0,0.9468085106382979,0.9723756906077348,0.9567567567567568,0.9656084656084656,0.9049295774647887,0.9437340153452686,0.9830508474576272,1.0
LLM,0.9468085106382979,0.0,0.8627450980392157,0.9802371541501976,0.9766536964980544,0.9421965317919075,0.967391304347826,1.0,1.0
LLM cc,0.9723756906077348,0.8627450980392157,0.0,0.9876543209876543,0.9879032258064516,0.9698795180722891,0.9813432835820896,1.0,1.0
EasyOCR,0.9567567567567568,0.9802371541501976,0.9876543209876543,0.0,0.9287410926365796,0.9460227272727273,0.9604395604395605,0.9655172413793104,0.9741379310344828
EasyOCR cc,0.9656084656084656,0.9766536964980544,0.9879032258064516,0.9287410926365796,0.0,0.9497206703910615,0.9586056644880174,0.9662447257383966,0.9746835443037974
Pytesseract,0.9049295774647887,0.9421965317919075,0.9698795180722891,0.9460227272727273,0.9497206703910615,0.0,0.8693181818181818,0.9423076923076923,0.9551282051282052
Pytesseract cc,0.9437340153452686,0.967391304347826,0.9813432835820896,0.9604395604395605,0.9586056644880174,0.8693181818181818,0.0,0.9651162790697675,0.9768339768339769
KerasOCR,0.9830508474576272,1.0,1.0,0.9655172413793104,0.9662447257383966,0.9423076923076923,0.9651162790697675,0.0,0.2222222222222222
KerasOCR cc,1.0,1.0,1.0,0.9741379310344828,0.9746835443037974,0.9551282051282052,0.9768339768339769,0.2222222222222222,0.0
