id,cer
2,0.7691929133858267
3,0.7727272727272727
4,0.7578651685393258
5,0.7760989010989011
6,0.7662269129287599
7,0.7547386559448592
9,0.7496947496947497
10,0.7622996130458817
11,0.7461486939048895
12,0.7653485952133194
13,0.7766749379652605
15,0.7413893753648569
17,0.7593107281823235
18,0.7687110187110187
19,0.7584009269988412
20,0.74862721171446
