,Human,LLM,LLM cc,EasyOCR,EasyOCR cc,Pytesseract,Pytesseract cc,KerasOCR,KerasOCR cc
Human,0.0,0.9154929577464789,0.9633507853403142,0.9476309226932669,0.962877030162413,0.9018181818181819,0.9409937888198758,0.9948979591836735,0.9948453608247423
LLM,0.9154929577464789,0.0,0.8833333333333333,0.9789473684210527,0.9839228295819936,0.9760479041916168,0.975609756097561,1.0,1.0
LLM cc,0.9633507853403142,0.8833333333333333,0.0,0.9882352941176471,0.9928825622775801,0.9852941176470589,0.9885714285714285,1.0,1.0
EasyOCR,0.9476309226932669,0.9789473684210527,0.9882352941176471,0.0,0.9281183932346723,0.9384164222873901,0.9278074866310161,0.9801587301587301,0.9840637450199203
EasyOCR cc,0.962877030162413,0.9839228295819936,0.9928825622775801,0.9281183932346723,0.0,0.9596774193548387,0.9481481481481482,0.9819494584837545,0.9855072463768116
Pytesseract,0.9018181818181819,0.9760479041916168,0.9852941176470589,0.9384164222873901,0.9596774193548387,0.0,0.8714859437751004,0.9699248120300752,0.9694656488549618
Pytesseract cc,0.9409937888198758,0.975609756097561,0.9885714285714285,0.9278074866310161,0.9481481481481482,0.8714859437751004,0.0,0.9647058823529412,0.9704142011834319
KerasOCR,0.9948979591836735,1.0,1.0,0.9801587301587301,0.9819494584837545,0.9699248120300752,0.9647058823529412,0.0,0.125
KerasOCR cc,0.9948453608247423,1.0,1.0,0.9840637450199203,0.9855072463768116,0.9694656488549618,0.9704142011834319,0.125,0.0
